,TenantID,Name,Address,LeaseStartDate,LeaseEndDate,PropertyID,Occupation,ReasonOfStay
0,e11b4aff-4ade-4939-8f1e-b4a51b81a3ef,Tanya Sankaran,"634
Kalita Nagar, Mehsana 128751",2022-06-23,2023-06-23,07b21e6a-ee26-42b1-bfa9-25a5a5985921,Coorporate worker,Relocated
1,73b1c88d-efa9-4c7b-b67f-04dbb97f8f18,Samar Raman,"088
Kapur Nagar, Rajahmundry 582795",2019-10-05,2021-10-04,c4ce5ec4-4ba6-4a92-99d5-1908faa6eb1b,student,education
2,f41c49cb-b8c2-48e4-ab32-272f2f928300,Tarini Dara,"24/275, Halder, Bharatpur-696082",2018-02-26,2023-02-25,47c287ef-a6c4-4369-b356-224e4379b603,Government officer,work
3,db8de30e-9942-4241-be82-21aee7601956,Seher Sehgal,"777, Bandi Marg, Katni 773734",2020-02-05,2022-02-04,54575f69-9c5a-45c7-9b67-9d2522cd9c01,student,education
4,59aa23c1-d83d-410b-a25d-9adb8057dfe5,Nehmat Bali,"H.No. 84, Upadhyay Zila, Avadi-642327",2022-04-06,2027-04-05,fa01b8ed-c846-4048-aff1-641def846649,Government officer,work
5,e49770d1-4df5-4a96-8fe5-798e7246f322,Romil Bains,"32, Ramachandran Path, Sambalpur 293939",2021-07-04,2022-07-04,20df3873-2590-439d-af3a-a8300936f288,Coorporate worker,Relocated
6,b54f0ac3-db96-4ba2-a217-6413d58eb206,Eva Dhingra,"17/895
Chokshi Nagar
Guna 289192",2018-01-31,2018-05-01,719e02bb-bc6d-4a61-bd37-4daa2a33d1d8,Tourist,visiting
7,b83275fe-39f4-48a4-9604-41bc77ef8e7d,Mannat Banik,"30, Agate Zila
Karawal Nagar 004497",2018-08-23,2023-08-22,ba24e62f-4053-40c7-81b0-c8cc68d762ef,Government officer,work
8,4e2aeada-16df-464b-8cf6-f6691580da6c,Riya Chaudhari,"956
Ravi Marg
Jaipur-176624",2018-01-02,2020-01-02,f170e6b1-5eaf-485f-a199-50048bedde49,Business,Business
9,ac4e35ee-7138-4b9a-b47f-a9adf36b3193,Lakshay Sabharwal,"86/686, Kannan, Shimoga-118920",2021-04-08,2022-04-08,d308b5ea-b7c0-4c8d-b94b-45374f07109b,Coorporate worker,Relocated
10,fbfbdaca-dc20-4983-bae6-bcfae2b294b1,Samaira Sekhon,"45, Rana Zila, Sri Ganganagar 679628",2018-05-27,2023-05-26,1bcd2c35-f4e2-4cbc-b0c2-9e2f68dfc41d,Government officer,work
11,b3b6751f-4a80-469d-8a10-b9f17daffda9,Drishya Tella,"H.No. 94
Chand Circle
Mango-568188",2019-04-27,2021-04-26,914a7d31-7699-4956-8b95-dc193d492447,student,education
12,c3772cdc-45f2-4ec9-98dd-cc0e6eddce51,Parinaaz Dutta,"H.No. 02
Solanki Street, Khora  595677",2018-01-26,2020-01-26,cf1f239c-9d0a-4d58-996f-1e1a6ead9b5b,Business,Business
13,612b0d19-0971-4ba9-9ffc-2e99f690d03b,Zaina Dash,"322
Manne Street
Siliguri-560238",2021-10-31,2023-10-31,34b9759f-d1b7-45e4-aa0d-f199b2b3d99f,Business,Business
14,134549d0-a417-487c-8c07-e36219e7f0dd,Samar Ben,"020
Tank
Raipur 831585",2018-03-14,2020-03-13,1a7ffac0-b445-483b-b811-d011b1375dda,student,education
15,7f77cbff-ff69-475c-9f23-43720e28db5b,Badal Mand,"69/214
Venkataraman Nagar
Nanded-802789",2021-11-15,2022-11-15,cef784ee-0d1c-4842-9fa3-28bf0fbb8f02,Coorporate worker,Relocated
16,6d262573-58df-40f3-b8d4-41145e67416c,Neysa Kade,"082
Hegde Street
Thane-099868",2018-01-25,2018-04-25,17e0da61-1c45-4f56-ab61-73472c01bb15,Tourist,visiting
17,c7307966-2041-4056-8414-2e9594457165,Badal Krishna,"98
Bali Marg
Thoothukudi-216483",2019-02-05,2021-02-04,null,student,education
18,c65fa44f-f1de-4ca8-bc69-23e1b680c580,Shlok Magar,"H.No. 43
Kade Street, Surendranagar Dudhrej-171800",2022-01-12,2022-04-12,59348d6d-0045-400c-9e97-70e69bdf4d4e,Tourist,visiting
19,cb949f9e-dff7-4891-a0a3-bacc07bf140e,Purab Sachar,"290
Sarraf Path, Nadiad 072046",2018-07-20,2020-07-19,a987ac6f-9b2a-49d1-b6e2-81d675ccd1e6,Business,Business
20,1fe43c24-52ca-481f-968a-f11376a72e1c,Anaya Chatterjee,"H.No. 940, Varkey Road
Bhalswa Jahangir Pur 851213",2022-12-03,2024-12-02,f46c0aa9-748a-49a1-a8d4-643b6b7765fd,Business,Business
21,82703170-b252-4ea5-badb-e35c5c7cdd9f,Shanaya Mammen,"H.No. 674, Sane Zila, Ranchi-521769",2019-07-15,2024-07-13,null,Government officer,work
22,432b773d-21ec-4de5-aaa7-97308b57f651,Tara Bhasin,"80/234, Bedi Road
Ambala-524204",2022-05-24,2027-05-23,d5089f87-3dbf-43ef-97cc-bd0e91bb3d6d,Government officer,work
23,5b48683a-0e0a-4d42-814e-f74ba9e8c736,Madhav Tiwari,"H.No. 888, Rege Path
Rajpur Sonarpur 201417",2018-02-11,2020-02-11,6c691bd6-c58f-4bcf-8ed6-bc56957b6c72,student,education
24,2e804e81-e88e-4fc4-93ce-2f30dd6042ed,Jivika Saraf,"48/992, Sama Zila, Maheshtala 861667",2021-04-21,2021-07-20,cb96a788-1dbf-4aba-9025-c79790423837,Tourist,visiting
25,d92c78b9-bb39-41c8-a973-d76484b8f924,Shray Ramanathan,"574, Toor Ganj, Nagercoil-566727",2020-05-13,2020-08-11,c4b62f31-03e4-4785-9e89-73bec416cc66,Tourist,visiting
26,6b4641d5-5b39-4648-9219-e36513879f8a,Miraya Bora,"42/516, Varty
Medininagar-163958",2019-04-17,2021-04-16,51f346fe-e357-4a7e-be32-2b54997bc617,student,education
27,5471fe20-bff4-4b3f-ad49-e94b18d6b97a,Vardaniya Ratti,"449
Wable Nagar, Mumbai-450032",2018-04-22,2018-07-21,61851e76-1ee5-429b-8b15-28cfe59d2f9c,Tourist,visiting
28,6a35c519-1eb2-41be-8942-0544ab21d2f6,Saanvi Karpe,"51/61, Agarwal Zila, Sri Ganganagar-399348",2021-08-25,2021-11-23,b54980f5-d988-4e18-93ec-c39b0e304341,Tourist,visiting
29,869443d1-d597-46f9-a508-c3f62095b073,Gokul Kade,"78/77
Ray Marg
Saharsa-706973",2019-01-02,2019-04-02,2b197524-5587-46c0-bdbe-cd4956c4a9b6,Tourist,visiting
30,cabce9bc-dc01-4054-9e49-55388a0f6684,Lavanya Loyal,"00/71
Karnik Path
Allahabad-096961",2019-03-17,2021-03-16,47898d87-3a6f-43ee-a649-a49fac46f908,student,education
31,92dfd328-d114-4906-ab13-3d39f8aa7931,Kartik Doctor,"H.No. 62
Sachdeva Nagar
Indore-034113",2022-07-06,2027-07-05,3b110b71-fea4-4bb6-88e0-8c3ede9ebdf1,Government officer,work
32,39a99f4a-aa99-487b-b415-a8504bb7092d,Vritika Grewal,"20, Devan Path, Tirunelveli-930972",2021-03-25,2023-03-25,922b455f-ffa1-4963-b048-a27c31ed7531,student,education
33,cdf69b98-f72c-4f95-889a-0a09460fb2ef,Parinaaz Lata,"65/676, Sarkar, Vasai-Virar-464745",2021-02-28,2023-02-28,8ef1852a-e694-4ba4-a453-6f0c2ed87e1d,Business,Business
34,abd3faae-1138-4493-8cb4-988a87566a8c,Hunar Sundaram,"H.No. 182
Dora Street, Raiganj-938041",2020-01-09,2025-01-07,null,Government officer,work
35,6bb451b8-8332-48c0-9e18-4084fd8a6fc7,Jhanvi Datta,"H.No. 044, Srinivasan Ganj, Ludhiana-113514",2018-02-02,2020-02-02,0dce43f2-082a-4390-887c-9715de45db41,student,education
36,8db11e47-0d9e-4fd6-b7a3-45ed671e08d5,Trisha Sidhu,"H.No. 47, Varghese Path
Sambhal 506543",2021-11-04,2022-02-02,fa8b672e-02c5-4672-b7e9-66e8c61de355,Tourist,visiting
37,be4ae530-825e-4ced-978c-e6bfe1efd344,Taimur Bhatt,"14
Tripathi Circle
Udupi 616361",2019-04-29,2024-04-27,c051a2c9-1a34-4597-a387-08f99a4cd921,Government officer,work
38,0cd438a0-01c3-4e29-bc83-3bf328cceac8,Zoya Vaidya,"H.No. 830, Bera Ganj
Dehradun-664871",2020-12-28,2021-03-28,dc0d8857-f65e-4bc3-82f7-6795b71d11e6,Tourist,visiting
39,401280b3-c65e-4cab-a28f-218776de9630,Tushar Golla,"H.No. 74
Ramanathan
Raipur 516590",2020-05-14,2022-05-14,92d5b68a-4ddc-4359-817b-ab76365f23a8,student,education
40,ae70526b-863a-40f4-9bbd-10a101fe1a11,Mehul Gokhale,"402, Sidhu
Bhiwandi 029831",2021-04-06,2023-04-06,2a878c64-60e4-43f0-94cb-2dc78932d98d,student,education
41,355a5d0a-6853-4265-b1a2-5196bac02d68,Damini Samra,"05
Kumar Path, Bhubaneswar 530124",2022-05-09,2027-05-08,null,Government officer,work
42,819848b5-8980-4d56-882f-3e6dd691a22a,Indrajit Doshi,"H.No. 502, Dhar, Saharsa-672188",2019-02-23,2024-02-22,58b1fafa-8894-44b5-8c93-894c254e85b7,Government officer,work
43,fda884f8-c07c-487a-90c0-cb3f645fb06e,Rhea Shankar,"H.No. 983, Goswami Street, Kishanganj-804575",2021-04-18,2021-07-17,a5945f8e-c4bb-433b-bc74-84602da19338,Tourist,visiting
44,9023f3fc-d989-4a4d-9c73-799ef93cc886,Amira Brar,"29/932, Kata Chowk
Burhanpur 996435",2018-11-20,2020-11-19,ba6ba7d4-fca8-4662-8099-4a05bae40fb7,Business,Business
45,a41f8a44-c5b4-4a0b-801d-d3d0dc924f0c,Shaan Balasubramanian,"25/714, Rout Ganj, Rampur 460538",2020-04-04,2020-07-03,7cf788e5-6584-4b17-8616-101c754314e7,Tourist,visiting
46,9d35ba33-0a02-4891-8dee-ff5847b2f4e6,Oorja Rajan,"H.No. 322, Bumb Chowk
Bally 193459",2020-05-08,2025-05-07,09857bbc-6e0f-4152-b97e-dd1f7c2b4d06,Government officer,work
47,4c0e1cc3-2a9f-4a26-9e95-5a23b94f5723,Samaira Brar,"530
Sunder Marg
Tiruchirappalli 361581",2020-04-13,2020-07-12,0d0c9783-7dc1-4001-a988-afb778901aa0,Tourist,visiting
48,8816be29-d95b-4d4e-8038-87d279f7b30f,Aarav Jaggi,"24, Chahal Street, Kottayam-846501",2021-05-26,2023-05-26,a28819d8-d545-4d17-8452-79619a0a48aa,Business,Business
49,87a62240-214a-4bd1-a667-4eaa1f629bd0,Anahi Wali,"H.No. 827
Varma Road
Ranchi 953681",2021-06-16,2022-06-16,5f9772a9-0284-4d1e-99b2-3e67305b81ab,Coorporate worker,Relocated
50,68e2fb20-fd4c-4989-8036-77817eb974aa,Dhanuk Kibe,"H.No. 39
Gandhi Ganj, Amroha-760506",2018-07-07,2018-10-05,e09e47cd-e02e-43f1-b048-2bc4133c034e,Tourist,visiting
51,4e810ef3-96db-4a43-8584-e36a7ac2a03b,Ivana Dey,"98
Kothari Path
Jamnagar-778204",2018-09-23,2019-09-23,1504ea81-116a-471c-8516-662dbdfda397,Coorporate worker,Relocated
52,15c8a7bd-5398-426c-9b8a-df645f2a8243,Gokul Golla,"47/286, Thakur Nagar
Amravati 737754",2021-08-23,2022-08-23,10d24dcf-4f1d-46f5-ac26-36ed436f6b82,Coorporate worker,Relocated
53,d69407f8-5efd-48cb-b500-9c5b4358d306,Inaaya  Barad,"179, Goel Chowk, Miryalaguda-864715",2021-05-13,2022-05-13,null,Coorporate worker,Relocated
54,d70d0655-541e-4d22-a51d-85aaf685320d,Taran Manne,"88/91, Butala Path, Panvel-173862",2021-02-28,2022-02-28,null,Coorporate worker,Relocated
55,c0a91bf4-f1a2-4059-9899-fbd7429bc553,Rati Soni,"H.No. 24
Sule Ganj
Shahjahanpur 205097",2022-07-17,2023-07-17,5dd6972f-456b-4842-a3fe-95f437ef0751,Coorporate worker,Relocated
56,d44f4d0b-f0dc-4270-907a-81facdb369ce,Vedika Kapur,"H.No. 455
Bir Circle
Nizamabad 112630",2020-01-24,2020-04-23,f394446f-6adf-4611-b301-1c8fb1f5d5d6,Tourist,visiting
57,2bb0932b-f239-4c2b-9b68-50e32af0f977,Dharmajan Agrawal,"893
Atwal, Bareilly-322123",2022-12-12,2027-12-11,3018e52b-037a-4b34-83e0-a28bada8314b,Government officer,work
58,e28031ef-497b-4cbb-a5e5-42eea682ae3e,Tara Halder,"040, Srinivas Nagar
Ballia-093447",2020-05-18,2020-08-16,ec1dcf4a-8bf3-4769-b96b-c58833c2b8ba,Tourist,visiting
59,c413d67e-cbf8-470a-9b83-dccb84305627,Chirag Edwin,"77, Dhillon Chowk
Bellary-339884",2018-03-10,2020-03-09,null,student,education
60,66d39533-5c9b-4b09-95ed-fc6092a38514,Ranbir Saha,"H.No. 565, Balasubramanian Road, Siliguri-084829",2021-10-15,2023-10-15,b16bb212-2f13-4eab-b5e9-1464efc4227a,student,education
61,1b7f1291-7993-42c9-b0c4-a9897b9280c0,Bhavin Gill,"63, Thaman Zila, Uluberia-056692",2022-05-22,2024-05-21,e063ccc6-949c-48b2-9c49-f0e33a531d43,student,education
62,540edd15-7e2c-4938-8d78-21307f92a882,Advika Barad,"09
Toor Street
Panihati 684638",2022-05-15,2022-08-13,8354ea7e-0c11-42ce-a7b3-2af804b70432,Tourist,visiting
63,2e7d1337-0f73-4441-86ba-bb2e48229b2d,Ehsaan Bawa,"41, Dugar Street
Farrukhabad-012360",2019-12-29,2020-03-28,f3d1c1ce-a287-46c5-942f-2631c1ba16f9,Tourist,visiting
64,fe0f3b7b-cf6c-40ea-b6b6-b36513f0129a,Baiju Garg,"54/06
Rastogi Ganj, Amritsar-319519",2022-04-21,2023-04-21,14a35368-380a-4ba5-b3b8-cbf742400dcd,Coorporate worker,Relocated
65,a293e95a-72ad-4507-b884-d2d6006183ca,Rania Bose,"02/257
Shankar Nagar, Siliguri-006538",2020-05-18,2022-05-18,9565205f-8209-4285-a3de-78af273d39fa,Business,Business
66,b2b15bc9-3846-4e2d-bdd2-77d7db98d992,Diya Borah,"H.No. 529
Loyal, Medininagar-159626",2022-03-17,2024-03-16,null,student,education
67,948f2692-8977-45e9-aa7c-4c32668e34d9,Kismat Gandhi,"00, Bhavsar Circle
Aizawl 689307",2018-10-06,2020-10-05,3d3496d8-1fba-4418-be33-452cb8455f9b,student,education
68,a3e19094-5952-4dd6-9f78-4bb490c6bf75,Jayesh Yogi,"82/564
Mannan Chowk, Pondicherry-822077",2020-05-09,2025-05-08,594de43c-1422-4f57-b8d2-ef5270c1f460,Government officer,work
69,85f57a35-7941-4b45-a828-9c7764cfa4a0,Charvi Sahota,"163
Varghese Road, Berhampur-764229",2022-05-24,2027-05-23,ff85d1db-df6c-47ec-83ec-9ca5624f0123,Government officer,work
70,4dc7fafe-a9f9-47f2-8d8d-5a130de2a130,Manjari Rao,"H.No. 00, Tailor Road, Bhatpara-145361",2022-04-04,2023-04-04,8ee8e4c6-5a2d-47bd-b42e-5a8812c9e712,Coorporate worker,Relocated
71,bd7d4aa3-2918-4bb8-8fae-750290645b81,Ranbir Buch,"22/94
Dhar, Patiala 054361",2020-05-20,2022-05-20,a11d9d1a-96ac-4332-9bbb-69b50b3d1052,Business,Business
72,f737fe67-b1c9-417d-8177-dc0254685112,Hazel Dube,"902
Soni Path
Hindupur 396932",2022-06-04,2027-06-03,84f9a8d7-575a-4a7a-a690-0c3dd9ea46c0,Government officer,work
73,7fefd0a0-9259-41bf-b944-3f289b0a01d1,Aayush Guha,"57/99, Khare Road
Sangli-Miraj & Kupwad 290886",2019-02-20,2024-02-19,5811639c-4b75-49d0-bdab-abb56ec86233,Government officer,work
74,b0929ffb-ef21-46e0-a677-876863fa13b0,Aayush Batta,"266
Ray, Berhampore-263540",2022-05-14,2022-08-12,01d257fd-799e-4861-aa6b-fde932224541,Tourist,visiting
75,e4600d78-f4b2-4b40-914d-d7f94e3dac56,Kismat Krishnamurthy,"H.No. 03, Batra Nagar
Phusro-060833",2019-04-08,2021-04-07,null,student,education
76,3b024498-c48b-4d70-8f6d-941e597c2451,Drishya Kota,"166
D’Alia Zila, Amaravati-892973",2021-09-22,2022-09-22,bcbf3e03-822d-411b-a5ac-053a5cca6bb6,Coorporate worker,Relocated
77,466fff33-42af-4ecc-a8fb-0ecb254c1141,Uthkarsh Mander,"H.No. 782
D’Alia Ganj, Vijayawada 963222",2019-02-20,2021-02-19,ca691729-c91d-4558-9dfe-919ab4f16bd9,student,education
78,7e052080-019e-4eb0-bff5-7ce3cae3d578,Yakshit Kurian,"192, Divan Ganj, Chandigarh 465318",2019-04-13,2020-04-12,5cd3a17b-172f-4260-abd8-d4172a2a5674,Coorporate worker,Relocated
79,ec525eca-3542-407b-9ecd-1dfba47b0975,Baiju Batta,"11/91
Agrawal Circle, Bharatpur-229187",2021-05-31,2023-05-31,47898d87-3a6f-43ee-a649-a49fac46f908,student,education
80,8c2ba41e-e349-4573-b171-ce560f5cf1fb,Advik Chawla,"71/94, Banik Path
Noida-944507",2022-04-13,2022-07-12,f989cf61-f172-4236-a94d-e548e4a32eff,Tourist,visiting
81,7b32f3fd-4513-4a97-8e2b-329948062bd0,Kimaya Yadav,"76
Kaul Marg
Pali 113559",2022-06-14,2027-06-13,f27e33dc-05a7-41b7-a3e4-9ebb54bc335e,Government officer,work
82,06369bd9-af17-4a6c-a4f9-f0eebaec39c1,Hunar Hora,"10, Sankaran Path
Firozabad-881405",2022-06-19,2024-06-18,null,student,education
83,8c884044-d185-45e3-bcf5-f2a7a7e8c242,Jiya Yohannan,"64
Chaudhry Ganj
Phusro-326574",2022-02-26,2024-02-26,1a7ffac0-b445-483b-b811-d011b1375dda,student,education
84,a3d9a931-f64a-4b99-831d-cec3275da1b9,Mohanlal Koshy,"014
Upadhyay, Gandhinagar-813896",2022-07-31,2023-07-31,7a6548c1-5adb-49bc-b07e-f2f7a529e36d,Coorporate worker,Relocated
85,5c580dcd-dd75-4d2e-b6ea-d60ef10dd33e,Zeeshan Kale,"H.No. 898, Borde Zila
Bidhannagar 545148",2022-12-06,2023-12-06,d308b5ea-b7c0-4c8d-b94b-45374f07109b,Coorporate worker,Relocated
86,84605978-e402-4b1d-8c6d-dd2a1317726d,Ritvik Issac,"57
Gaba Path
Bhalswa Jahangir Pur-305775",2021-11-01,2023-11-01,14cb5820-ad61-4cd2-9c50-a878faf1c9e8,Business,Business
87,48bd3a06-1386-410b-b1e5-fa9dfd7053b8,Azad Gala,"88, Sandal Zila, Bijapur-676863",2022-10-24,2024-10-23,309625d5-7dd0-4a5e-a029-c6325eab311e,Business,Business
88,a88738e6-7193-4aed-833e-795e33738b9e,Siya Golla,"361
Kapoor Marg
Ozhukarai-586572",2021-12-05,2023-12-05,85dc1e71-3d4f-4306-a2b8-b6cd2cbfd0eb,student,education
89,9fbe36a3-35f0-426a-9a34-1f0a97a96162,Vaibhav Dani,"93/81
Dalal Zila, Chennai-771784",2021-07-09,2026-07-08,05bf7cbe-812d-4ff1-b9ba-7e6c5aae41e4,Government officer,work
90,0dbd4b14-09d5-4dc7-a2ef-dfc07d6bbdd5,Zoya Hari,"H.No. 05
Gole Circle
Noida-847411",2020-07-29,2025-07-28,null,Government officer,work
91,8ca44128-43b4-4b5a-aab7-e68f6b8dc51b,Ryan Sathe,"94/61
Rajagopal Nagar, Bahraich 854431",2020-05-28,2022-05-28,null,Business,Business
92,003ebf9d-69ad-409f-9113-ce5b77f415a4,Kismat Kuruvilla,"291, Sathe Ganj
Madurai 329314",2022-12-20,2027-12-19,bc3d992a-ea97-4327-803b-3c60529c2986,Government officer,work
93,b787bd10-d8e2-4e8f-bf78-4bf7b6025c0c,Yuvraj  Mander,"42, Vyas Street, Madhyamgram 492213",2020-09-07,2021-09-07,null,Coorporate worker,Relocated
94,57d64a78-46ae-4e06-b972-848f76e56c61,Hridaan Chatterjee,"30
Manne Street, Jalna 970998",2022-12-02,2024-12-01,6e6665e7-f01a-4158-a4e4-549e1b1464f9,Business,Business
95,6f0eca90-bc1d-49f2-bc68-f2ff3d059c1b,Yuvaan Dugar,"33
Tiwari Circle, Gopalpur 817050",2022-04-09,2027-04-08,null,Government officer,work
96,8659a6a3-8d87-4832-9433-57ea3763fadc,Sahil Dhingra,"H.No. 19, Ben Marg, Ambala-099531",2022-05-17,2022-08-15,c4c2cf6f-4d3a-478f-9469-4fffe2877819,Tourist,visiting
97,6f91d85b-6447-4956-967b-9335444f3180,Faiyaz Babu,"67, Bajwa Ganj
Jamalpur 520399",2022-08-24,2024-08-23,72f72b77-58b3-4f16-b513-128fdefaba40,Business,Business
98,1cacd78b-750b-4fdc-bff0-e1738b56cd3c,Shamik Sem,"99/50, Hora Road
Bharatpur-257062",2022-07-31,2023-07-31,4aadb738-a450-416b-b08f-a243f628e91d,Coorporate worker,Relocated
99,843c8eb4-0ee5-4dc4-836b-e6b1968d9061,Ranbir Banik,"82
Soman
Ramagundam 647660",2018-04-04,2023-04-03,8fb71217-4305-4591-9686-684eec125a21,Government officer,work
100,683adfc0-9348-4da8-bb21-b2f0d4c7fef7,Damini Andra,"00, Bhardwaj Ganj, Sultan Pur Majra-710026",2021-10-03,2026-10-02,6c65c373-eb3f-4a05-b8a6-86873c9df48f,Government officer,work
101,551c7c75-ca35-4988-9856-3d7e657b61f3,Ryan Sastry,"97/216, Banik Chowk, Udupi 824643",2018-07-25,2018-10-23,ec1dcf4a-8bf3-4769-b96b-c58833c2b8ba,Tourist,visiting
102,0fbc4f5a-5065-414a-a08c-9a3356eb3fbb,Baiju Sahni,"25/354, Butala Path
Muzaffarpur 867273",2020-01-11,2020-04-10,f05c7eac-4c98-41ad-a40f-9ee2e9b45814,Tourist,visiting
103,acf9af61-1213-44fd-9a15-b38c6e97adb7,Dhruv Sampath,"H.No. 46, Chad Ganj
Guwahati 539900",2019-01-03,2019-04-03,fdddf67b-ca05-4ad5-86c9-ac24d478d378,Tourist,visiting
104,aef3c782-f276-4fa7-ac91-94202ed5e3e5,Mohanlal Majumdar,"07/51, Randhawa Circle, Chittoor-444593",2022-06-07,2023-06-07,null,Coorporate worker,Relocated
105,dd4f54cd-f9ec-455a-89c0-00bb0f0456dd,Neysa Anne,"10, Rajagopal Zila
Motihari 499460",2018-12-20,2020-12-19,5083ee3c-3190-4a97-83aa-dab9a0a9ce03,Business,Business
106,f5e23a8e-77f7-4134-ae3c-89218e4fe4e3,Anya Hegde,"116
Dewan, Bijapur 046852",2020-01-04,2020-04-03,712d14d2-9e95-45c5-8a3a-62d150865b51,Tourist,visiting
107,646965ee-b2e4-4b99-8fcc-d7ce193aba15,Onkar Sarma,"600, Ray Ganj
Dehri-477181",2020-11-03,2021-11-03,null,Coorporate worker,Relocated
108,943ad81d-698f-48aa-9611-ecb2ee493c9a,Reyansh Rajagopalan,"H.No. 549, Kamdar Street
Dewas 416894",2020-04-28,2020-07-27,8f37b94f-5a94-42f8-8ffd-b6278cc3039e,Tourist,visiting
109,a12d1dfe-5155-452d-a0d6-4da1839e72eb,Ela Rana,"H.No. 589, Bajaj Path, Anantapuram 886861",2022-01-10,2022-04-10,d014f6fa-a96d-4cec-92be-4898ec190e43,Tourist,visiting
110,986eaa92-839c-4746-b8f9-f64522887f92,Anika Jha,"76/981
Bahri Zila, Hapur-134593",2022-11-07,2023-11-07,3567b253-c451-44fd-a586-8ff137dfdc96,Coorporate worker,Relocated
111,9cb3c050-9d4e-4dd8-be12-dcf833500205,Rati Dhar,"H.No. 82, Ramachandran Road
Dhanbad 671381",2018-10-05,2020-10-04,null,student,education
112,047a7e8b-e99a-4aa6-a945-bbac1825fbce,Kavya Mane,"H.No. 93, Krish Circle
Moradabad-819956",2019-05-29,2024-05-27,44a29f61-b0cf-4a92-b8da-40d32d3bf803,Government officer,work
113,d12403bf-81df-4e44-8c31-f7d4109ba178,Renee Bose,"53/38
Singh Road, Mira-Bhayandar 285784",2019-06-23,2024-06-21,null,Government officer,work
114,b291126a-5dc9-4d0d-b469-096aa07ffde8,Shamik Kumar,"97/039
Borah Street, Panchkula 415691",2022-08-12,2022-11-10,446dd166-dc32-4268-89a3-411017292203,Tourist,visiting
115,13da9e34-4752-40b2-8e6d-b03e4b9e5128,Siya Bora,"24
Bail Marg, Kollam 848419",2021-12-29,2023-12-29,2e6a4b05-790f-434f-84ab-073edb13f9eb,Business,Business
116,74a6b8be-ccb5-44c4-bb20-dee0c6771f50,Rania Choudhary,"86/649, Chand Circle
Naihati 947827",2021-03-22,2022-03-22,1cabb3e6-c9bf-429e-b65b-3366fb531507,Coorporate worker,Relocated
117,88b12c4f-461e-45fd-8f55-da99852cfec8,Alisha Jha,"01/706
Amble Road
Deoghar-533908",2020-03-26,2025-03-25,null,Government officer,work
118,1180313a-b734-4af9-b992-e3bd9326254a,Aarav Tripathi,"340
Ray Road, Nagaon 914885",2020-05-17,2021-05-17,null,Coorporate worker,Relocated
119,d0bbef86-968d-40b1-a19b-f450d645adfe,Purab Jain,"038
Walia Road, Kishanganj-392760",2021-11-22,2023-11-22,null,Business,Business
120,f57b44b0-4758-4a74-bee1-ff345d8192ff,Trisha Chada,"H.No. 20, Madan Circle, Jalna 164259",2018-04-21,2023-04-20,3347e0ab-8166-454f-9fb1-375ac9c2624e,Government officer,work
121,0e8926ad-89b2-4a97-a26a-1403e1095690,Chirag Mahajan,"H.No. 10, Borah Zila
Tiruvottiyur-532938",2022-07-27,2023-07-27,4aadb738-a450-416b-b08f-a243f628e91d,Coorporate worker,Relocated
122,0ab466ef-cd26-4739-b91f-97836b656c22,Ayesha Bhardwaj,"H.No. 74, Khatri Zila, Bidhannagar-303205",2018-03-03,2018-06-01,null,Tourist,visiting
123,2a7f7fb3-997e-4fc4-8372-7e9019496d5d,Baiju Samra,"78/35
Tara Marg
Guntur-495137",2018-12-13,2020-12-12,b16bb212-2f13-4eab-b5e9-1464efc4227a,student,education
124,e5a5275b-d37a-4b6c-861f-ef67dbd13017,Anaya Kibe,"H.No. 827, Aurora Nagar
Alappuzha 272282",2022-07-13,2027-07-12,null,Government officer,work
125,37d97d52-a67d-4014-986d-14ecc3c3fc49,Devansh Hegde,"H.No. 764, Bora Chowk
Farrukhabad-632646",2020-07-23,2020-10-21,null,Tourist,visiting
126,43ebaa1a-84b7-4f79-92f0-f9044810160d,Samar Banik,"H.No. 85
Uppal, Phusro 382865",2022-04-23,2023-04-23,null,Coorporate worker,Relocated
127,4200abdd-27c8-44cc-93d6-a28354a1af77,Hunar Batta,"64/50
Mannan Marg
Sri Ganganagar 232944",2021-08-08,2023-08-08,062ad076-3ae1-4333-8f81-4222f8518826,Business,Business
128,142714e1-5204-4d7c-a7bc-d0bd54da034b,Aayush Toor,"H.No. 34
Barad Circle
Nadiad-358218",2022-09-10,2027-09-09,null,Government officer,work
129,2992e4a0-73b6-4d1f-80a9-a52e5329d850,Himmat Yadav,"H.No. 84
Atwal Road, Erode 388939",2019-05-17,2024-05-15,null,Government officer,work
130,4541e760-4743-4d8b-92c3-03c3b286e585,Abram Hora,"72, Dayal Zila
Ozhukarai-178707",2021-01-18,2023-01-18,5083ee3c-3190-4a97-83aa-dab9a0a9ce03,Business,Business
131,66dd1e1e-5232-41bf-bdf7-4178116f88f1,Aayush Ahluwalia,"708
Gole Zila
South Dumdum-977386",2018-04-27,2018-07-26,00ca283a-d606-482b-9b47-16824428fd64,Tourist,visiting
132,d38fe895-2354-4c43-8ec2-97a0dd48d7ef,Tanya Cherian,"H.No. 20
Brar Chowk
Chittoor-297606",2019-04-29,2020-04-28,870c7bf7-0d3f-4df3-a875-d8d130ea583d,Coorporate worker,Relocated
133,f051c79e-5236-4727-b3e1-77ec5fd582a9,Samaira Atwal,"15/62
Trivedi Nagar
Jalgaon 587014",2020-04-21,2020-07-20,198db1a1-7706-415e-ac59-5e47873a6c34,Tourist,visiting
134,186f7a52-8754-44cf-b3d9-b91e183217c6,Anahi Kashyap,"25/565, Buch Street, Proddatur-764485",2019-12-13,2021-12-12,74619808-c4ab-4936-8c23-c0452ea2f33b,Business,Business
135,4b86084f-e173-49e2-b2b9-9c90c59663ac,Eva Issac,"H.No. 471, Comar Chowk, Ajmer-149749",2020-05-05,2020-08-03,446dd166-dc32-4268-89a3-411017292203,Tourist,visiting
136,5f1c5108-bf9f-4945-be20-da4b632684ee,Tanya Barman,"81/632
Sankaran Path
Dhule-316870",2020-12-02,2022-12-02,0aeac702-f2fd-47c0-9448-425fa139941d,Business,Business
137,c202a26c-796f-4670-97d1-e189c6102b62,Purab Yogi,"394
Swaminathan Circle, Ratlam 098736",2019-03-13,2021-03-12,4a78b442-6cfc-48a0-bb34-d0cfdd116ad8,student,education
138,043aac08-6726-4d7d-955c-e237228426f3,Taimur Deep,"51, Garde Marg, Ichalkaranji-585769",2022-07-18,2022-10-16,null,Tourist,visiting
139,4c05b258-55f3-4ed4-86c6-a3741758ebd6,Sara Srivastava,"H.No. 24
Mall Nagar, Madhyamgram 746077",2022-02-15,2027-02-14,null,Government officer,work
140,f747dfec-8003-43bb-8924-eff55e4ea61b,Pranay Sawhney,"09/07
Maharaj Marg, Bettiah-096157",2022-02-12,2023-02-12,0238a3ab-2b2d-42c2-865d-d79e9a49c3c8,Coorporate worker,Relocated
141,f3b44424-efbb-4bb7-8b23-3b21266e2c12,Shayak Lala,"28/24
Hari, Nashik-558263",2021-06-14,2023-06-14,9bb95b26-2e62-412f-98dd-c598b7975c1b,Business,Business
142,217ad724-058d-456c-81eb-a3f131a85450,Jivin Malhotra,"H.No. 99, Saxena Path, Gorakhpur 991712",2018-07-31,2020-07-30,4023d8e6-fbe7-4adb-9249-a42bf306141b,Business,Business
143,77725423-730e-4ff9-8ca9-5ab008ce7eb8,Bhamini Ramachandran,"80/31
Borde Marg
Rourkela-298518",2022-02-16,2024-02-16,961669b1-5e17-447d-8c70-bf055f3e90b3,student,education
144,28d8e14f-e9f8-4e18-b87a-a2eb78f3d72e,Chirag Gole,"154
Lata Circle, Shahjahanpur-877866",2021-09-01,2021-11-30,62179877-ca8a-4538-a8bd-1cf799a99401,Tourist,visiting
145,ab2f00e0-ea80-491f-a760-72e0ec7276d3,Myra Mand,"21, Choudhry, Ajmer-925721",2020-01-28,2025-01-26,null,Government officer,work
146,27b41ab0-4c1b-4c3c-9f73-84762d6d7d6f,Zoya Sheth,"H.No. 98, Sanghvi
Begusarai-841476",2022-04-19,2024-04-18,51f346fe-e357-4a7e-be32-2b54997bc617,student,education
147,a744251f-16c0-40a9-94a1-46bc6dd8b0be,Lakshit Chokshi,"H.No. 696, Ravel Nagar, Ahmedabad 406735",2022-02-23,2024-02-23,01742f37-7f0b-4ef6-819d-8ea79d715ecd,student,education
148,bf10b457-e129-497d-b314-be1b2f0ae3b1,Anaya Chakrabarti,"H.No. 28, Ganesh Ganj
New Delhi-968879",2020-12-08,2021-03-08,61851e76-1ee5-429b-8b15-28cfe59d2f9c,Tourist,visiting
149,3f1a7d3b-b978-4889-9c12-1e4673edaa5a,Kanav Ravi,"06/20
Rama Path, Sri Ganganagar 444969",2020-04-13,2020-07-12,null,Tourist,visiting
150,9e4acca0-7c5d-4c16-abc4-08d4746ca76e,Abram Das,"H.No. 10
Behl Ganj
Nangloi Jat 233901",2020-02-05,2025-02-03,null,Government officer,work
151,d9915020-0c08-4b45-a443-5a8962cb576e,Zoya Shere,"H.No. 86
Taneja Marg
Solapur 905953",2018-04-01,2019-04-01,b643400c-23a8-4030-badb-7099e72e73bf,Coorporate worker,Relocated
152,49bb6674-9afa-4ca7-855c-c920d7098696,Sana Bora,"H.No. 761
Suri Zila, Pune 743103",2021-06-21,2022-06-21,c011e5da-d5ff-404e-a061-3ad31329f7f6,Coorporate worker,Relocated
153,211cc06b-5258-4e3b-8f0c-c6a2fd438ecc,Vaibhav Warrior,"H.No. 35, Dara Circle
Cuttack-173514",2021-05-31,2021-08-29,d14b538b-6796-48ac-9b77-80d5322a7b53,Tourist,visiting
154,9f4977d9-8c7a-4091-a6d9-265bce910fc0,Yasmin Ratti,"H.No. 68, Balan
Pudukkottai-182642",2018-11-29,2019-02-27,af577adc-dfc8-4de9-815a-a4ff4e0dfd8e,Tourist,visiting
155,31c7b729-091e-4e8a-85fb-6a2720f1daeb,Kavya Master,"72/31
Atwal Chowk
Nandyal 179382",2019-04-01,2020-03-31,1d6d66b8-2f02-4829-a3a7-ae171f9b8afd,Coorporate worker,Relocated
156,b5663101-d37c-4ddb-825b-d7027cc3534a,Hazel Dhar,"32/40, Subramanian Zila, Surat 261346",2019-11-02,2021-11-01,69732e81-de08-4f3b-be57-00419857fc98,Business,Business
157,070a4c8d-a2de-4973-ae46-2e8d1e69e40a,Madhup Borra,"18/82, Wable Road, Dharmavaram-088666",2022-08-14,2024-08-13,2f278e65-84e6-4983-bdc5-348deb0cd320,Business,Business
158,294b66ec-470a-4072-86b6-62ec5ff62916,Yashvi Balan,"693
Yohannan Circle
Vijayawada 777914",2019-05-15,2020-05-14,cef784ee-0d1c-4842-9fa3-28bf0fbb8f02,Coorporate worker,Relocated
159,59f63bf5-6589-44c2-b6c8-541f11b103ab,Lakshay Agrawal,"15/85, Bal, Ulhasnagar 212304",2019-05-02,2021-05-01,null,student,education
160,9e44dacf-c1cf-4dd2-9dde-93f9af716027,Dhanuk Soman,"H.No. 629
Bhardwaj, Tiruvottiyur-324737",2018-07-20,2020-07-19,null,student,education
161,95a4d842-a75d-44f3-8e65-4e5391570b2d,Zara Lad,"35/26, Kara Nagar, Noida 751585",2019-08-04,2021-08-03,null,student,education
162,f00176f7-779b-43a3-8c5c-2b12dc63d96d,Prerak Sule,"29/060, Ravi Ganj, Mathura-813442",2020-06-24,2025-06-23,null,Government officer,work
163,6d91f85f-7f31-4697-abbb-d9f5ccc7b1e0,Charvi Bora,"645
Bhatnagar Path, Gudivada-005372",2019-08-01,2019-10-30,61851e76-1ee5-429b-8b15-28cfe59d2f9c,Tourist,visiting
164,d2af9244-5ad9-4f2b-92fe-912f46d1bd08,Ehsaan Swaminathan,"H.No. 78, Dewan Street, Kottayam-259836",2021-05-29,2021-08-27,f3d1c1ce-a287-46c5-942f-2631c1ba16f9,Tourist,visiting
165,27693971-e36f-46d7-a3dd-c6ff9f5528b9,Jiya Sarna,"H.No. 474, Dhillon Street, Moradabad 575104",2021-05-30,2022-05-30,null,Coorporate worker,Relocated
166,f3ac4df2-9d14-4fa6-b810-654e57ea503c,Bhamini Rana,"225
Gulati Path
Chapra 711183",2021-07-06,2026-07-05,null,Government officer,work
167,8b6a6ce0-0741-434d-9cef-8f47a784b59b,Kavya Khare,"08/112
Dara Street, Silchar-388371",2019-12-16,2020-03-15,eae3d896-698e-4185-81bb-a54f03754eb7,Tourist,visiting
168,608a00c9-c497-48ae-ba73-2914cc65fcf4,Tara Sankar,"329, Gara, Coimbatore-793356",2021-10-08,2022-10-08,null,Coorporate worker,Relocated
169,eb44397c-88e5-4cf5-bd73-ad49cc6f38b6,Pari Cherian,"248, Kant Chowk, Patna-956174",2019-03-07,2021-03-06,null,student,education
170,e87d37c7-180f-4532-8e11-25eb62ceccb1,Faiyaz Shenoy,"H.No. 22, Dugar Ganj, Amaravati-396032",2021-09-06,2022-09-06,null,Coorporate worker,Relocated
171,dc5fa730-cf00-46aa-a44d-0295fe266509,Shlok Saran,"09/922, Dixit Chowk, Silchar 689192",2021-08-30,2026-08-29,null,Government officer,work
172,643611e9-3de0-4d6d-be8b-3188b52b9284,Hrishita Sami,"19/349
Varty Road, Eluru-382077",2020-05-28,2021-05-28,3e06a1a4-a8fe-4fed-8adb-7b853fcea3fe,Coorporate worker,Relocated
173,8dd77bf3-ee7c-4a99-a091-9781f0d2a852,Badal Kara,"019, Mammen Road
Junagadh 786515",2020-04-03,2022-04-03,null,Business,Business
174,f88cebcc-a1f1-43e8-9c7e-aff5bea1d2da,Anika Saran,"H.No. 99, Bala Path, Surat-869681",2019-07-09,2021-07-08,null,Business,Business
175,eab68549-ad2e-42e8-bcc2-199d3083cd0e,Rasha Contractor,"94/55, Chhabra Road, Ujjain-954955",2022-01-30,2023-01-30,null,Coorporate worker,Relocated
176,3be4f5ec-ac4a-4897-9ac3-70e11a9fecd6,Hunar Krishna,"75/403, Mandal Circle
Ozhukarai-987169",2022-10-09,2024-10-08,a987ac6f-9b2a-49d1-b6e2-81d675ccd1e6,Business,Business
177,23a23492-b563-4777-a531-96d31cfde9cc,Anahi Aggarwal,"H.No. 19
Bhatti Zila, Srinagar 285793",2018-10-18,2023-10-17,null,Government officer,work
178,bda68bcb-5da6-476c-ac58-ff7f3ef76b36,Pranay Deshpande,"29
Kurian Nagar
Madhyamgram-736687",2021-05-09,2023-05-09,1a7ffac0-b445-483b-b811-d011b1375dda,student,education
179,e7e8df66-0329-414f-9722-abb01af190ee,Tushar Subramaniam,"683, Sem, Bhubaneswar-350674",2022-06-28,2024-06-27,3d3496d8-1fba-4418-be33-452cb8455f9b,student,education
180,91897fc1-ea66-4a82-ba76-0e51f6dc5b59,Vaibhav Gara,"52, Rana Zila
Bahraich 522155",2019-04-20,2021-04-19,null,student,education
181,48f1653b-ed9c-41d3-a727-474d9f2b869e,Nehmat Verma,"14/472, Soni Chowk, Bilaspur 851540",2018-06-29,2023-06-28,null,Government officer,work
182,fabc006c-57b8-4ccc-8613-6783b376efbf,Badal Lata,"60/76
Lanka Circle
Tadepalligudem 527141",2022-02-14,2024-02-14,null,student,education
183,d8bbd109-6974-4c6e-95b0-c3e2eec5a82e,Damini Subramanian,"66/969, Ahuja Marg
Davanagere 360799",2020-07-06,2025-07-05,null,Government officer,work
184,9a3842f0-1379-493b-a340-715df7a6df12,Aayush Chad,"H.No. 87, Garde, Chandigarh-887452",2019-04-19,2021-04-18,null,student,education
185,5c15a836-a33d-40f6-bd97-8526ab5df7d5,Hansh Kohli,"00
Chandra Circle, Yamunanagar 445839",2022-05-16,2022-08-14,c53227ba-8159-4343-8d89-66ac7cff50b6,Tourist,visiting
186,7185e44a-8845-4b9c-b9df-a18662de256b,Vritika Bora,"02/651
Varma Street
Salem-734049",2019-03-17,2019-06-15,8dc8cd38-97e8-4e7b-820a-e76ad77a096c,Tourist,visiting
187,acd3315a-789f-4181-b1b3-89697872f3b4,Kashvi Varma,"H.No. 73
Atwal Street
Shimla 787090",2020-04-04,2021-04-04,null,Coorporate worker,Relocated
188,17dff95e-3964-4276-a9a4-59deb578049a,Divij Singh,"H.No. 24, Contractor Zila, Chinsurah-071903",2020-09-05,2025-09-04,null,Government officer,work
189,a321341b-5b1f-40ce-8344-9621cf168a67,Aarush Loke,"H.No. 368, Soman, Mirzapur-960982",2022-05-01,2027-04-30,null,Government officer,work
190,1e1615c3-99dd-4691-8d38-90412b9f141d,Kiaan Ravel,"58/05, Khurana Road, Gandhidham-179986",2020-02-06,2025-02-04,null,Government officer,work
191,7c0ebe6d-5970-4331-ba39-084a02222b72,Amira Guha,"311
Karan Road
Singrauli 932445",2019-11-11,2020-02-09,dc0d8857-f65e-4bc3-82f7-6795b71d11e6,Tourist,visiting
192,e5915fb9-4be1-4167-8bb2-e8571e50d258,Advik Bhalla,"77/959
Tak Marg
Saharsa-307868",2021-11-02,2022-11-02,3567b253-c451-44fd-a586-8ff137dfdc96,Coorporate worker,Relocated
193,38353da7-2913-4cbe-bd1f-f07a5e75fb6c,Pari Dutt,"431
Shetty, Bharatpur-454116",2019-06-14,2024-06-12,null,Government officer,work
194,b9d42ecb-a695-4821-8fd4-4a70ba391264,Mehul Acharya,"H.No. 74
Divan Path
Hubli–Dharwad-578512",2020-07-16,2021-07-16,null,Coorporate worker,Relocated
195,525674b2-f540-4f59-9479-3e7a43077526,Tanya Borah,"06/51, Saxena Chowk
Ambarnath-268382",2020-04-26,2021-04-26,3567b253-c451-44fd-a586-8ff137dfdc96,Coorporate worker,Relocated
196,5e4d53ad-a404-4770-92cb-e64c38ffbb06,Aayush Bobal,"619, Batra Circle
Guna 083186",2019-04-15,2019-07-14,ba582738-03aa-4023-a745-6c88ee50f249,Tourist,visiting
197,9ef65147-20d3-4895-b3ef-e2d243838a95,Hiran Dyal,"42
Joshi Marg
Jorhat 366015",2019-06-17,2024-06-15,null,Government officer,work
198,36a43b9e-5db8-4734-befe-60080a881f0f,Lagan Varghese,"H.No. 36, Talwar Chowk, Giridih 212978",2019-10-24,2021-10-23,null,student,education
199,09b04741-f9e7-44c4-8a33-6188b571d166,Darshit Gulati,"H.No. 19, Gill, Bidar 103691",2019-02-07,2021-02-06,35acf701-7a47-4132-9fff-7a8c8ba2750c,Business,Business
200,fe34485a-a90e-434b-ad0c-ae462e5a6fff,Mahika Khanna,"362, Gupta Nagar
Jhansi 122661",2019-07-22,2020-07-21,1cabb3e6-c9bf-429e-b65b-3366fb531507,Coorporate worker,Relocated
201,af329ca2-a37a-4432-9a19-a24f6e03fb7c,Hazel Bhalla,"45
Yohannan Street
Akola-245970",2022-05-10,2027-05-09,null,Government officer,work
202,6ddde089-52fc-4141-92e7-e52a38ffd545,Samar Babu,"34/68
Edwin
Bellary-782548",2018-04-08,2020-04-07,b16bb212-2f13-4eab-b5e9-1464efc4227a,student,education
203,7988a170-b5bd-4cd4-8375-fe01461779a1,Yuvraj  De,"870
Magar Street, Jamalpur 280053",2022-01-26,2022-04-26,9db81ada-88c4-496e-a4b3-f117742ee0e1,Tourist,visiting
204,3e2c0b46-f599-492d-b846-abe21fa09a5a,Diya Gulati,"06/99
Bath Marg, Fatehpur-271795",2020-04-09,2022-04-09,e063ccc6-949c-48b2-9c49-f0e33a531d43,student,education
205,9303408d-7940-47a1-8a7a-5ef1690c68a0,Ehsaan Kala,"40
Aurora Street
Hubli–Dharwad 076518",2019-02-23,2021-02-22,null,student,education
206,7c494e14-9924-4892-a907-df309d496717,Emir Raja,"H.No. 105, Choudhury Path
Bhavnagar 846074",2021-05-16,2026-05-15,null,Government officer,work
207,3b93dd5b-c65d-4c79-94b0-1aac612a555c,Riya Kata,"H.No. 31, Raman
Pali-532638",2019-04-12,2020-04-11,0238a3ab-2b2d-42c2-865d-d79e9a49c3c8,Coorporate worker,Relocated
208,9473e03c-c11d-4022-95b8-6a9cdfcb5cb6,Aayush Chopra,"87
Khurana Zila, Gangtok-724259",2022-12-31,2024-12-30,null,Business,Business
209,b4df78ce-4fd9-48f0-816f-0547fce3e71d,Rati Apte,"87
Sengupta Street, Alwar 087344",2018-07-04,2019-07-04,10d2c589-f72b-4f29-9d0e-c3451550f960,Coorporate worker,Relocated
210,d5d64846-a318-4b3a-8093-02dfab046157,Drishya Raman,"113
Thakkar Zila
Kottayam-243031",2022-05-03,2024-05-02,47898d87-3a6f-43ee-a649-a49fac46f908,student,education
211,28fc0f21-1302-43f2-9e07-95ea5c456179,Saanvi Korpal,"H.No. 37
Kumer, Guwahati 911452",2018-05-13,2020-05-12,null,student,education
212,d6b44d4f-b22e-4440-b401-42ca348d761b,Rati Samra,"27
Karpe, Indore 159993",2018-11-26,2019-11-26,0eb327c3-00dd-49fb-9882-345213a14140,Coorporate worker,Relocated
213,f1085501-0c72-4d89-ab4a-571f2e83d4ee,Miraya Hegde,"56
Thakkar Marg, Rajpur Sonarpur 106777",2018-10-22,2019-10-22,ec14fc54-d5de-44cd-9d03-a13cab20a945,Coorporate worker,Relocated
214,6d72302e-32ed-495e-a5f7-01dc1ba69e5c,Onkar Sehgal,"H.No. 06
Talwar Nagar, Guna 787658",2018-04-17,2020-04-16,null,student,education
215,a7bb1700-c017-4f85-93b6-54485abdba4f,Anya Chaudhuri,"H.No. 237, Walla Path, Mathura-734343",2022-05-17,2023-05-17,6b6456e6-2878-4253-be04-45400682b63a,Coorporate worker,Relocated
216,fb50c570-9417-429d-a3fd-238da64ac63d,Lakshit Sangha,"H.No. 43
Kar Ganj
Gandhinagar-032439",2019-06-24,2020-06-23,null,Coorporate worker,Relocated
217,9a40919e-a755-4085-ae6e-526a49f5cbbd,Riaan Sura,"H.No. 98, Dugar Zila
Avadi 573102",2020-07-17,2021-07-17,null,Coorporate worker,Relocated
218,01f79881-d04e-4e3c-a0a1-c19c440101c2,Kismat Ghosh,"66/227
Bhatti Zila
Kharagpur 752171",2020-05-28,2020-08-26,null,Tourist,visiting
219,3b5e65da-29d7-439d-8c27-1e3ef2614471,Adah Sarma,"H.No. 801, Ratta Ganj
Junagadh-696996",2021-10-19,2026-10-18,null,Government officer,work
220,1b556849-ff6f-42f2-bddd-7af16d8fdf78,Sumer Bhatti,"H.No. 48
Gulati Street
Panipat-441585",2020-10-29,2025-10-28,null,Government officer,work
221,0359d067-24d9-425a-a9f6-719f3ded4eaa,Dharmajan Kala,"044, Thakur Chowk, Panihati 622625",2022-06-29,2023-06-29,805eb889-3da6-4969-96d6-86cd43a35b5e,Coorporate worker,Relocated
222,d13f8ce5-778c-411e-8d90-3c2e206b4340,Miraya Khurana,"19/38
Sem Road, Purnia-959924",2022-08-24,2024-08-23,38d04fea-72ea-42d9-b859-26143c55698f,Business,Business
223,ec945cb3-d4ff-4e78-8054-8f4211787fe2,Anaya Das,"38/738, Ahuja
Amritsar-721678",2022-12-06,2024-12-05,683fc2a7-625e-4c87-a5db-b9841a989fff,Business,Business
224,e90160cb-5c71-42d2-a439-01daa702f745,Fateh Suresh,"508
Iyer Marg, Warangal 543600",2018-02-23,2020-02-23,a6eeb511-6381-4938-9fe3-c56afa712f20,Business,Business
225,a774597b-91da-4e0a-8d05-1e37b0fabaa6,Lakshit Mahal,"42, Hayre Nagar, Bikaner 398368",2018-10-13,2019-10-13,3567b253-c451-44fd-a586-8ff137dfdc96,Coorporate worker,Relocated
226,ccf6093a-1252-4c98-aecb-2717fdde33c3,Vardaniya Savant,"93/54
Borah Zila, Guntakal-126357",2022-02-19,2024-02-19,54575f69-9c5a-45c7-9b67-9d2522cd9c01,student,education
227,e6847c85-70e1-4c53-9d7e-cb3eb7aa5820,Bhavin Date,"38/85, Bora Ganj, Howrah 335613",2020-02-27,2022-02-26,null,student,education
228,edbde7dc-b11e-4079-b84e-f09c5855c1d4,Bhavin Chad,"54
Chandra Circle, Ahmednagar 945480",2018-09-12,2019-09-12,14a35368-380a-4ba5-b3b8-cbf742400dcd,Coorporate worker,Relocated
229,e8422d97-f5b0-4b01-b2de-0ebfaebc4ad5,Anahi Gill,"40/262
Saraf Ganj, Muzaffarnagar 387674",2018-10-22,2019-10-22,null,Coorporate worker,Relocated
230,99a60638-867f-49ed-b156-5102d13c0557,Stuvan Ganesan,"05/939, Dora Street, Ulhasnagar 914384",2019-07-12,2020-07-11,7a6548c1-5adb-49bc-b07e-f2f7a529e36d,Coorporate worker,Relocated
231,58f40df8-3899-4bda-adfa-72ac0b338063,Jivika Mahal,"947
Dutta Ganj
Pudukkottai-852046",2021-02-20,2023-02-20,0dce43f2-082a-4390-887c-9715de45db41,student,education
232,e1efeaff-7f0d-40a7-933f-bfc430b7695b,Dhruv Dugar,"H.No. 199
Bala, Davanagere-779677",2018-04-14,2020-04-13,null,student,education
233,cd1b6a26-0aa6-456b-b97d-9c6475f3cb5b,Kabir Kunda,"96/00
Dey, Ghaziabad-394918",2020-08-23,2022-08-23,6c691bd6-c58f-4bcf-8ed6-bc56957b6c72,student,education
234,d1ba44d7-9a94-4863-a403-7cd24e830590,Eva Khalsa,"92
Arya Road, Hazaribagh 169025",2022-04-24,2022-07-23,2b197524-5587-46c0-bdbe-cd4956c4a9b6,Tourist,visiting
235,8a4def50-f86f-4384-b495-9597fe35d363,Rohan Balakrishnan,"63/670, Joshi Chowk, Panihati 792512",2020-08-03,2022-08-03,d9ecdbfc-8a16-43f4-b072-85f72a694273,Business,Business
236,6e55eb6a-b5ae-40fe-a3e0-4ba33050480e,Bhavin Dugal,"H.No. 26
Chatterjee
Anand 555510",2018-06-04,2018-09-02,b9ba077a-d4de-4274-9a13-c63783e60e5a,Tourist,visiting
237,7aa340aa-5378-4a48-9e0b-a7a71dcfac4f,Jayant Shanker,"63, Arya Street, Muzaffarpur-950457",2019-05-24,2024-05-22,null,Government officer,work
238,4c44d5ab-d73a-48c1-b088-ea94358d3784,Heer Korpal,"H.No. 69, Hayre Nagar, Shimoga-055573",2018-11-24,2023-11-23,null,Government officer,work
239,2dee178b-907a-4e1a-a635-e14219f2256d,Prisha Sane,"53/326
Rattan, Darbhanga-587812",2022-05-15,2023-05-15,1cabb3e6-c9bf-429e-b65b-3366fb531507,Coorporate worker,Relocated
240,8a44f0fc-872b-45ab-b2f3-36667125c373,Vritika Batta,"25/72, Bhalla Nagar, Bidhannagar-006921",2022-05-13,2024-05-12,81a4f724-ed7a-435a-9043-d4c41410a009,Business,Business
241,b286fd7d-35a6-4cc4-ac5c-3ccf071977af,Ivana Yadav,"252, Bakshi Circle, Loni-536830",2018-06-29,2019-06-29,3e06a1a4-a8fe-4fed-8adb-7b853fcea3fe,Coorporate worker,Relocated
242,a486940c-eca2-485b-a173-d89bbd3dd673,Rania Deep,"70/782
Kurian Ganj, Rajahmundry 572186",2019-03-17,2021-03-16,922b455f-ffa1-4963-b048-a27c31ed7531,student,education
243,082c58e7-4e96-4c5b-83b4-f78d629c9b41,Seher Kant,"H.No. 01, Sekhon Road, Dewas-604024",2021-02-20,2023-02-20,6c39ec2c-6795-4164-b0ed-ed95b99fa83b,Business,Business
244,e898e013-fe52-4a04-a92d-4019cdbf5a48,Indrans Ghosh,"228
Shenoy Street
Vijayawada-304754",2020-04-23,2021-04-23,1d6d66b8-2f02-4829-a3a7-ae171f9b8afd,Coorporate worker,Relocated
245,d7633974-3b3d-4596-a67e-32b63ae64074,Saksham Sidhu,"005, Walla Zila, Bharatpur 035808",2019-12-29,2021-12-28,null,Business,Business
246,497a68ce-6ec2-4cf0-9274-3246463698fa,Kashvi Halder,"38/82, Reddy Street
Sambalpur 552022",2021-06-22,2026-06-21,null,Government officer,work
247,335bda9a-2b0a-4ada-bb18-b4b8ffa12e64,Alisha Agate,"H.No. 42
Som Road
Loni-392828",2021-03-01,2023-03-01,3d3496d8-1fba-4418-be33-452cb8455f9b,student,education
248,f7f3d896-4a5a-4e9f-8837-87379cf385f0,Darshit Kumar,"H.No. 16
Char Path
Loni 392217",2018-04-12,2020-04-11,null,Business,Business
249,8beed52d-6d52-44bc-b1af-cc28c2db5405,Yashvi Madan,"64/133, Chakrabarti Zila
Gurgaon-169256",2022-11-08,2024-11-07,null,Business,Business
250,38edb8d1-880a-4e71-8c4a-4ddb25816969,Dhruv Rana,"21/82
Datta Chowk
Bareilly 336745",2022-02-03,2024-02-03,null,student,education
251,3f9298a6-a7d1-4f3e-8b83-c2596154869d,Vedika Ray,"H.No. 281
Toor Circle
Sri Ganganagar-586109",2022-06-23,2023-06-23,4aadb738-a450-416b-b08f-a243f628e91d,Coorporate worker,Relocated
252,11e7fc1e-4703-49ce-acba-ba6aae36c99b,Sumer Barad,"60
Garg Street, Nadiad 169682",2021-09-24,2023-09-24,9ec5252e-f148-4731-af6a-a774be03bd72,Business,Business
253,b7ce98bc-c981-4b56-84cc-98c5ba8787c8,Dhanush Balakrishnan,"24/921
Datta Street, Ambarnath-076618",2021-04-06,2021-07-05,bbf7c638-8aef-4325-82da-d2bdd4693d1d,Tourist,visiting
254,7910f41a-6488-48bb-aafd-5dfa6d3c4c1b,Divij Roy,"H.No. 41
Dutt Nagar, Berhampore-539631",2020-03-24,2022-03-24,null,student,education
255,187694d6-fba5-475f-b17d-8c8cea0f889e,Aarav Zachariah,"33
Choudhry Ganj
Kirari Suleman Nagar 172915",2018-07-18,2018-10-16,01d257fd-799e-4861-aa6b-fde932224541,Tourist,visiting
256,9bcccaf6-23a6-4116-bb35-5a8753eea7fb,Riya Rau,"H.No. 57, Gaba Street, Phusro-251614",2020-04-25,2021-04-25,null,Coorporate worker,Relocated
257,fdc9caa7-b667-4ee8-9424-8b765a443582,Samarth Desai,"96
Varma Chowk
Vasai-Virar 901307",2022-10-17,2023-10-17,99d315dc-747a-413a-b770-f633cc40479f,Coorporate worker,Relocated
258,7d87145b-c68a-404f-ba76-0e478635720c,Abram Krish,"50/23
Subramaniam, Tiruvottiyur-693113",2022-04-14,2024-04-13,null,student,education
259,6af54615-08d5-4638-b0d7-a735992757af,Purab Butala,"H.No. 379, Gandhi Zila
Bhatpara 956612",2019-07-10,2020-07-09,8ee8e4c6-5a2d-47bd-b42e-5a8812c9e712,Coorporate worker,Relocated
260,c426650e-038e-480b-83ba-51409733b703,Samaira Rao,"H.No. 15, Ahuja Ganj
Aligarh 215395",2018-06-23,2019-06-23,d308b5ea-b7c0-4c8d-b94b-45374f07109b,Coorporate worker,Relocated
261,8ce23289-196f-42dd-a626-6a2d8ed8c5f9,Ira Madan,"335, Dhingra Marg
Bangalore-496613",2020-04-04,2022-04-04,null,student,education
262,58be2058-d468-4325-8060-7dc222614441,Bhavin Viswanathan,"37/740
Deshpande Nagar
Kirari Suleman Nagar-492550",2018-03-06,2020-03-05,6c39ec2c-6795-4164-b0ed-ed95b99fa83b,Business,Business
263,194f6094-3e2a-46cb-b1e2-e7b3ac3e553e,Gokul Kashyap,"83/62
Rastogi Road
Erode-164248",2018-01-11,2018-04-11,3dcc6a1b-0d03-4937-987b-2cd88f126315,Tourist,visiting
264,d4bf307f-963a-43c6-96ea-b1551e0ce507,Saksham Hora,"70/15
Krish Path
Lucknow 789407",2018-05-26,2020-05-25,8ef1852a-e694-4ba4-a453-6f0c2ed87e1d,Business,Business
265,b7157b53-305a-4c16-af20-7ebc17edaff8,Aayush Trivedi,"53/962, Sarma Circle
Kamarhati 240425",2018-06-08,2023-06-07,null,Government officer,work
266,9ac331ad-5407-424b-b52b-ab0c860f32b8,Advik Dora,"H.No. 068, Kade Circle
Begusarai 386783",2021-05-13,2023-05-13,4a78b442-6cfc-48a0-bb34-d0cfdd116ad8,student,education
267,adaf91da-ba3b-4ce4-b774-4f1053489432,Veer Bhavsar,"26/00
Banik Path, Suryapet-128088",2021-12-09,2026-12-08,null,Government officer,work
268,741e876b-f255-46cf-b019-3dc6121cbf63,Yuvaan Jayaraman,"229
Arora Marg
Unnao-475133",2019-05-20,2024-05-18,null,Government officer,work
269,54de694d-a3ab-46f4-a792-cb7acf0e4e79,Miraan Chana,"73, Yogi
Rourkela 460257",2021-05-20,2023-05-20,null,student,education
270,98f0e288-185e-47be-a9af-f0410502c754,Nirvi Dhaliwal,"H.No. 57, Sekhon Nagar
Guntur 216937",2019-05-07,2024-05-05,null,Government officer,work
271,9a25501d-511c-4911-aca3-7d273dd16851,Nishith Dubey,"74/39
Ghose Street
Kamarhati-661234",2022-05-10,2024-05-09,null,Business,Business
272,dc30d8f7-1729-4573-85d7-6255557b895a,Tara Sarraf,"H.No. 682
Gokhale
Ozhukarai-365622",2019-03-09,2020-03-08,null,Coorporate worker,Relocated
273,9d3a8f30-6caf-41f1-a3d1-b17c06198d94,Arhaan Chandra,"16/91
Dutt Marg, Srinagar 798103",2018-08-15,2019-08-15,14a35368-380a-4ba5-b3b8-cbf742400dcd,Coorporate worker,Relocated
274,38df83bd-357f-4d47-a548-0117c7529689,Amani Bera,"48/65
Gokhale Circle
Sonipat-835902",2020-06-18,2020-09-16,null,Tourist,visiting
275,548aabf8-5286-4f61-961c-2da3a07ce80e,Mohanlal Chada,"H.No. 34
Acharya, Faridabad 345661",2021-09-27,2023-09-27,null,student,education
276,9b81faa0-89d0-4c7d-9015-7a6eee12e117,Ahana  Kothari,"941
Verma Road, Guwahati 787863",2018-01-17,2018-04-17,30689cf7-542c-4893-822e-96373514e2e7,Tourist,visiting
277,8b17ca54-950a-4a51-a64b-cd27739aa8ae,Kiaan Tandon,"H.No. 735
Sekhon Street
Kirari Suleman Nagar 623393",2021-01-23,2021-04-23,f05c7eac-4c98-41ad-a40f-9ee2e9b45814,Tourist,visiting
278,f648a603-a130-4b48-8250-31347d350c5b,Alia Bhagat,"H.No. 975
Borde Chowk, Howrah-401187",2018-02-04,2020-02-04,null,student,education
279,5d188411-00ae-492d-8701-bb1c09170873,Nirvaan Shenoy,"50/23
Varghese Nagar
Miryalaguda 202797",2021-07-12,2026-07-11,null,Government officer,work
280,e2cf40fb-845f-432d-8922-5728e6d79adc,Saanvi Kari,"H.No. 232
Lata Street
Bellary-406347",2020-05-20,2025-05-19,null,Government officer,work
281,2820d677-43aa-4731-9b1a-d3221b291129,Nirvaan Karnik,"H.No. 36, Mallick Road, Sirsa 469686",2018-05-08,2023-05-07,null,Government officer,work
282,d7c47566-b14f-4ee5-addd-ceb8184c0939,Ivan Halder,"H.No. 662
Konda Path, Purnia 174214",2019-01-06,2021-01-05,fa6520be-8c96-4fc1-ad64-3bea515ee977,Business,Business
283,e1993f70-13e3-404c-8e36-97d257cc44a2,Zara Dhingra,"H.No. 454, Venkataraman Road
Berhampore 683804",2021-05-28,2026-05-27,null,Government officer,work
284,d1959103-f74f-4a25-9dbf-88936032e397,Saanvi Sehgal,"H.No. 585, Dyal Path
Panchkula-487442",2021-07-11,2021-10-09,9db81ada-88c4-496e-a4b3-f117742ee0e1,Tourist,visiting
285,89b4844c-f779-4d05-9a98-1b0c67484b83,Tanya Sodhi,"00/53, Kamdar Nagar, Jamshedpur 657052",2019-04-09,2021-04-08,null,student,education
286,10a12cc3-c252-4e87-aad4-8b28787d7cc9,Hazel Mallick,"90/50, Khatri
Bidar 442228",2018-04-05,2018-07-04,64c02483-d63f-43be-bf6d-84bdb3c12ad5,Tourist,visiting
287,3a2cfd3c-49b1-4a85-905c-caed6f1d20bb,Mishti Kulkarni,"27/87
Shankar Ganj, Panipat-375796",2019-03-03,2020-03-02,07b21e6a-ee26-42b1-bfa9-25a5a5985921,Coorporate worker,Relocated
288,da600672-e248-4d27-9441-1f90324d155b,Ayesha Varty,"95/89
Roy Road, Dibrugarh-866947",2022-07-02,2024-07-01,9565205f-8209-4285-a3de-78af273d39fa,Business,Business
289,debce0f5-cd0b-4d7b-876e-235f7cbedb75,Kimaya Thaman,"H.No. 30
Khalsa Marg, Ludhiana-249407",2019-07-29,2020-07-28,6b6456e6-2878-4253-be04-45400682b63a,Coorporate worker,Relocated
290,7daea3eb-f2c5-4fc4-aea4-98a85f888454,Yakshit Magar,"40/65
Bath Marg
Firozabad-291187",2019-10-03,2021-10-02,null,student,education
291,5c97a0b3-11c6-4cd5-8139-d13f5380277d,Sahil Salvi,"572, Hans Circle
Mau-914691",2018-05-05,2019-05-05,b643400c-23a8-4030-badb-7099e72e73bf,Coorporate worker,Relocated
292,cc0f8976-ec99-4108-b990-19a7999318f2,Divit Chaudry,"55/46, Sridhar Road
Panihati 917240",2022-01-11,2024-01-11,null,Business,Business
293,a3dcaf83-e0d6-4a57-8446-034303943b61,Ehsaan Shukla,"675, Chaudry Circle, Rajpur Sonarpur-386026",2020-06-17,2021-06-17,null,Coorporate worker,Relocated
294,cd167530-27a1-4d8f-bd6e-2c6325b1ea92,Anay Balakrishnan,"86
Chawla Nagar, Gulbarga-310952",2020-05-09,2025-05-08,null,Government officer,work
295,a80cc789-14e8-49fb-9586-ee4387abaecc,Jivika Handa,"60/90, Bhandari Chowk, Ahmednagar 026796",2020-06-02,2025-06-01,null,Government officer,work
296,e8502b05-7b5e-4185-a2dd-42415dfe538e,Jivika Shroff,"H.No. 903
Bhagat Path, Gorakhpur-767310",2020-10-12,2025-10-11,null,Government officer,work
297,362fb348-47c2-4873-af33-c22ee08b89c8,Miraya Swamy,"H.No. 247
Sarna Zila, Patna-300068",2020-06-12,2020-09-10,17e0da61-1c45-4f56-ab61-73472c01bb15,Tourist,visiting
298,a4dfdff7-fb52-46ed-bf43-fff82c5f9b36,Aayush Handa,"H.No. 005
Ganguly Circle, Durgapur-780306",2018-02-25,2020-02-25,null,student,education
299,4c2d0129-4c97-4e0a-a1f3-92b8d51ee0ac,Manjari Iyer,"807
Venkatesh Marg
Ichalkaranji-934650",2019-09-15,2021-09-14,null,student,education
